izo;first_pick;first_accept_rate
13757.0;106;0.6509433962264151
53155.0;150;0.94
53163.0;277;0.8880866425992779
55069.0;118;0.9745762711864406
55107.0;209;0.7177033492822966
64556.0;13;0.6153846153846154
68772.0;157;0.5859872611464968
68781.0;134;0.4925373134328358
68799.0;140;0.5571428571428572
68802.0;101;0.46534653465346537
68837.0;124;0.5080645161290323
68845.0;181;0.4143646408839779
68853.0;213;0.5492957746478874
68861.0;102;0.4411764705882353
68870.0;191;0.44502617801047123
68888.0;124;0.5645161290322581
68926.0;207;0.6570048309178744
68934.0;139;0.35251798561151076
68942.0;109;0.6055045871559633
68951.0;130;0.5384615384615384
68969.0;49;0.9591836734693877
69019.0;185;0.6108108108108108
69027.0;132;0.7954545454545454
69043.0;75;0.9066666666666666
69078.0;75;0.72
69086.0;122;0.6311475409836066
69108.0;153;0.7450980392156863
69124.0;75;0.8133333333333334
69132.0;106;0.5471698113207547
69141.0;151;0.543046357615894
69159.0;71;0.9295774647887324
69167.0;74;0.972972972972973
69175.0;109;0.8165137614678899
69205.0;46;0.6956521739130435
69221.0;45;1.0
69248.0;115;0.6
69264.0;37;1.0
69272.0;67;0.7014925373134329
69540.0;53;0.8490566037735849
69574.0;82;0.7804878048780488
69647.0;139;0.7482014388489209
72753.0;134;0.9104477611940298
72818.0;89;0.5168539325842697
72869.0;199;0.9447236180904522
72966.0;47;0.9787234042553191
73041.0;82;1.0
73059.0;159;0.8238993710691824
73130.0;46;0.9130434782608695
76953.0;105;0.7047619047619048
76970.0;177;0.5141242937853108
76996.0;150;0.6733333333333333
77003.0;43;0.9534883720930233
77119.0;58;0.9827586206896551
77127.0;298;0.5838926174496645
77135.0;119;0.6890756302521008
77143.0;176;0.6931818181818182
77224.0;169;0.47337278106508873
77232.0;125;0.896
77305.0;44;1.0
77313.0;194;0.9587628865979382
77348.0;73;0.821917808219178
81825.0;189;0.6084656084656085
81833.0;92;0.9239130434782609
81841.0;56;0.8214285714285714
81850.0;31;0.6451612903225806
81868.0;304;0.3684210526315789
81876.0;145;0.5655172413793104
81884.0;69;0.7681159420289855
81922.0;258;0.7441860465116279
81931.0;208;0.6538461538461539
81973.0;41;0.6097560975609756
81990.0;121;0.5371900826446281
82015.0;277;0.7653429602888087
82091.0;136;1.0
82104.0;75;1.0
82121.0;54;0.8888888888888888
82139.0;116;0.7327586206896551
82147.0;317;0.6908517350157729
82198.0;86;0.8488372093023255
82201.0;347;0.8674351585014409
82244.0;111;0.5855855855855856
82252.0;213;0.38967136150234744
82287.0;226;0.5575221238938053
82457.0;80;0.9125
82627.0;220;0.7681818181818182
87131.0;160;0.5375
87173.0;62;0.9516129032258065
87211.0;181;0.4419889502762431
87297.0;114;0.8596491228070176
87343.0;54;0.7037037037037037
87408.0;95;0.7684210526315789
87513.0;95;0.7368421052631579
87629.0;41;0.926829268292683
87653.0;232;0.7758620689655172
87670.0;119;0.5798319327731093
87751.0;183;0.8907103825136612
87840.0;47;1.0
87858.0;38;0.9736842105263158
87939.0;79;0.8860759493670886
87998.0;34;0.9705882352941176
99783.0;146;0.815068493150685
100340.0;85;0.8823529411764706
150088.0;36;0.7777777777777778
173843.0;225;0.9555555555555556
175790.0;222;0.6801801801801802
177032.0;227;0.7224669603524229
179434.0;133;0.7669172932330827
194221.0;66;0.9848484848484849
219321.0;641;0.46489859594383776
222411.0;95;0.6842105263157895
226467.0;192;0.4635416666666667
226475.0;592;0.5388513513513513
283762.0;103;0.44660194174757284
300268.0;567;0.5485008818342152
312835.0;152;0.506578947368421
334677.0;196;0.45408163265306123
335398.0;466;0.14163090128755365
335410.0;161;0.37267080745341613
335479.0;427;0.18501170960187355
335487.0;534;0.20411985018726592
335533.0;199;0.31155778894472363
335606.0;421;0.2327790973871734
336475.0;262;0.41603053435114506
340383.0;248;0.24193548387096775
367753.0;99;0.5050505050505051
367761.0;67;0.7611940298507462
376469.0;250;0.92
380385.0;325;0.5784615384615385
380431.0;234;0.8247863247863247
391107.0;178;0.46629213483146065
392642.0;288;0.4270833333333333
392669.0;88;0.8636363636363636
401021.0;81;0.654320987654321
401030.0;43;0.7906976744186046
401048.0;102;0.5882352941176471
401072.0;66;0.6515151515151515
401081.0;76;0.7236842105263158
401170.0;93;0.6774193548387096
401871.0;24;1.0
474029.0;141;0.3191489361702128
477419.0;102;0.9411764705882353
478423.0;102;0.7647058823529411
479021.0;69;0.8405797101449275
479322.0;181;0.6574585635359116
497029.0;37;0.8108108108108109
497061.0;193;0.7772020725388601
497070.0;563;0.3907637655417407
507474.0;94;0.8297872340425532
510874.0;453;0.46799116997792495
513156.0;174;0.6724137931034483
519324.0;46;0.6521739130434783
520055.0;208;0.5625
520110.0;74;0.9594594594594594
520152.0;330;0.49696969696969695
523925.0;324;0.5061728395061729
527939.0;418;0.5095693779904307
529681.0;84;0.8333333333333334
529842.0;186;0.8440860215053764
532525.0;281;0.4626334519572954
549185.0;179;0.4748603351955307
550591.0;370;0.34594594594594597
556807.0;228;0.7368421052631579
558974.0;112;0.5089285714285714
558982.0;377;0.2413793103448276
558991.0;436;0.24770642201834864
559008.0;461;0.29067245119305857
559016.0;439;0.23462414578587698
559032.0;321;0.3364485981308411
559075.0;174;0.5057471264367817
559083.0;48;0.5416666666666666
559091.0;83;0.7951807228915663
559130.0;151;0.6225165562913907
559148.0;185;0.7081081081081081
559156.0;75;0.6666666666666666
559237.0;125;0.744
559415.0;192;0.8385416666666666
559466.0;203;0.5517241379310345
559539.0;126;0.8333333333333334
559628.0;154;0.8246753246753247
559644.0;223;0.8026905829596412
563722.0;263;0.5551330798479087
566381.0;363;0.45179063360881544
566756.0;207;0.6521739130434783
566829.0;35;1.0
566900.0;81;0.9012345679012346
567566.0;35;0.9714285714285714
567582.0;251;0.3107569721115538
574406.0;192;0.6197916666666666
574961.0;38;0.9473684210526315
577448.0;228;0.4868421052631579
582298.0;65;0.9846153846153847
582336.0;207;0.6666666666666666
582344.0;101;0.9405940594059405
582875.0;27;0.5925925925925926
583839.0;122;0.4918032786885246
583855.0;109;0.5229357798165137
584118.0;30;0.8333333333333334
601292.0;154;0.6493506493506493
601322.0;126;0.7301587301587301
601331.0;70;0.8428571428571429
601349.0;65;0.7538461538461538
601357.0;40;0.95
601381.0;242;0.743801652892562
601390.0;153;0.5751633986928104
601403.0;113;0.5132743362831859
601411.0;148;0.4864864864864865
601489.0;76;0.9868421052631579
601497.0;91;0.7472527472527473
601501.0;82;0.9024390243902439
601519.0;153;0.8169934640522876
601527.0;82;0.7073170731707317
601535.0;123;0.6829268292682927
601543.0;113;0.5132743362831859
601551.0;135;0.6222222222222222
601560.0;98;0.8979591836734694
601578.0;81;0.6296296296296297
601691.0;61;0.7213114754098361
601721.0;110;0.6818181818181818
601730.0;65;1.0
601748.0;202;0.6633663366336634
601756.0;57;0.7017543859649122
601764.0;94;0.5
601772.0;75;0.5066666666666667
601781.0;282;0.5
601799.0;464;0.35344827586206895
601837.0;48;0.9583333333333334
601853.0;238;0.5588235294117647
601870.0;180;0.6833333333333333
601888.0;96;0.78125
601896.0;129;0.6976744186046512
601900.0;28;0.9642857142857143
601918.0;131;0.37404580152671757
601926.0;213;0.568075117370892
602027.0;67;0.9104477611940298
602035.0;222;0.6981981981981982
602051.0;98;0.5918367346938775
602060.0;138;0.5652173913043478
602078.0;136;0.6764705882352942
602086.0;160;0.55
602094.0;67;0.835820895522388
602116.0;120;0.8916666666666667
602124.0;133;0.7142857142857143
602132.0;221;0.6334841628959276
602141.0;94;0.9893617021276596
602159.0;160;0.5125
638013.0;488;0.7581967213114754
638170.0;195;0.3487179487179487
638188.0;188;0.30319148936170215
638196.0;187;0.6417112299465241
638200.0;426;0.23708920187793428
638218.0;82;0.7073170731707317
638226.0;12;0.8333333333333334
638242.0;159;0.5345911949685535
638251.0;23;0.6086956521739131
638277.0;128;0.46875
638293.0;239;0.5648535564853556
638307.0;161;0.4658385093167702
638323.0;142;0.5
638358.0;331;0.48942598187311176
638366.0;256;0.44921875
638374.0;334;0.3383233532934132
638404.0;65;0.7384615384615385
638412.0;85;0.8352941176470589
638421.0;147;0.5918367346938775
638447.0;137;0.5328467153284672
638455.0;195;0.49230769230769234
638463.0;310;0.43870967741935485
638501.0;132;0.3939393939393939
638510.0;168;0.5238095238095238
638552.0;137;0.5474452554744526
638595.0;106;0.6320754716981132
638609.0;54;0.5740740740740741
638625.0;106;0.6320754716981132
639028.0;219;0.4063926940639269
639133.0;192;0.5989583333333334
639494.0;240;0.36666666666666664
640930.0;202;0.6188118811881188
641065.0;11;0.8181818181818182
654949.0;49;0.9387755102040817
664359.0;87;0.8850574712643678
664740.0;232;0.8103448275862069
666122.0;241;0.35684647302904565
669725.0;115;0.7913043478260869
837385.0;139;0.8633093525179856
837733.0;161;0.8136645962732919
838811.0;103;0.49514563106796117
840122.0;29;0.9310344827586207
842702.0;152;0.6513157894736842
842737.0;51;0.7647058823529411
842745.0;156;0.5384615384615384
842753.0;200;0.515
842761.0;180;0.48333333333333334
842800.0;25;0.96
842818.0;252;0.7142857142857143
842851.0;102;0.7941176470588235
842885.0;101;0.7524752475247525
842893.0;114;0.8245614035087719
842907.0;63;0.9523809523809523
842915.0;81;0.9753086419753086
842940.0;84;0.6547619047619048
842966.0;181;0.6132596685082873
843318.0;22;1.0
843351.0;238;0.7016806722689075
843369.0;128;0.65625
843393.0;116;0.6982758620689655
843407.0;64;1.0
843474.0;185;0.7891891891891892
843491.0;194;0.5515463917525774
843504.0;150;0.7866666666666666
843547.0;73;0.8493150684931506
844012.0;126;0.6587301587301587
845060.0;44;0.9545454545454546
845213.0;194;0.8969072164948454
845299.0;114;0.8245614035087719
845329.0;137;0.5985401459854015
845388.0;52;0.7307692307692307
846881.0;164;0.5121951219512195
848794.0;90;0.9222222222222223
848875.0;66;0.9848484848484849
848956.0;306;0.3300653594771242
850047.0;186;0.5376344086021505
850365.0;38;1.0
872326.0;9;1.0
2518333.0;101;0.6831683168316832
7810041.0;609;0.5188834154351396
7820186.0;87;0.6896551724137931
7880103.0;260;0.7192307692307692
10622110.0;9;0.8888888888888888
11021420.0;75;0.84
11179457.0;20;0.9
11217731.0;7;0.5714285714285714
11233354.0;44;0.36363636363636365
11583771.0;86;0.5581395348837209
12583731.0;64;0.671875
12907731.0;221;0.7420814479638009
12954691.0;52;0.8269230769230769
12996050.0;66;0.5909090909090909
13064401.0;62;0.24193548387096775
13094394.0;65;0.5076923076923077
13582259.0;145;0.7793103448275862
13582909.0;203;0.5123152709359606
13643045.0;212;0.8207547169811321
13643606.0;227;0.8898678414096917
13643878.0;227;0.8105726872246696
13644301.0;210;0.9857142857142858
13644319.0;281;0.7117437722419929
13644327.0;193;0.7409326424870466
13818082.0;76;0.42105263157894735
14450437.0;178;0.9044943820224719
14451026.0;245;0.5836734693877551
14451042.0;92;1.0
14451085.0;202;0.8168316831683168
14585235.0;51;0.47058823529411764
14803844.0;72;0.9444444444444444
14867362.0;69;0.782608695652174
14891221.0;320;0.409375
14891263.0;177;0.7401129943502824
14891409.0;180;0.49444444444444446
14891531.0;98;0.7244897959183674
15028216.0;86;0.8023255813953488
15034496.0;78;0.6410256410256411
15034569.0;26;0.9615384615384616
15037789.0;35;0.8
15050670.0;174;0.5632183908045977
15052591.0;102;0.8725490196078431
15052796.0;27;1.0
15055663.0;105;0.8952380952380953
15062848.0;239;0.7573221757322176
15530213.0;507;0.5266272189349113
16190483.0;57;0.2982456140350877
16499671.0;7;0.2857142857142857
16996593.0;101;0.9405940594059405
18054455.0;113;0.6637168141592921
18230083.0;176;0.8181818181818182
18242171.0;215;0.8093023255813954
18380824.0;170;0.8823529411764706
18383874.0;310;0.9419354838709677
18468012.0;55;0.6545454545454545
18468071.0;21;1.0
40230457.0;18;0.6666666666666666
40454525.0;29;0.13793103448275862
40527867.0;138;0.45652173913043476
40652441.0;46;0.9782608695652174
41190726.0;304;0.6776315789473685
41193041.0;206;0.5194174757281553
41194462.0;150;0.22
41263936.0;12;0.6666666666666666
41691202.0;95;0.9578947368421052
41900995.0;45;0.7111111111111111
42660505.0;59;1.0
42797942.0;185;0.8594594594594595
42840431.0;55;0.6
43784054.0;97;0.8041237113402062
44012667.0;90;0.7
44065485.0;79;0.7974683544303798
44065663.0;143;0.4195804195804196
44264445.0;9;0.8888888888888888
44434324.0;143;0.6923076923076923
44445288.0;86;0.5232558139534884
44683405.0;56;0.7321428571428571
44796277.0;63;0.3492063492063492
44809875.0;17;0.5882352941176471
44846738.0;172;0.27906976744186046
44991517.0;34;0.9117647058823529
44991665.0;32;0.1875
45019517.0;59;0.4067796610169492
45162654.0;19;1.0
45235686.0;38;0.7105263157894737
45235708.0;32;0.875
45247226.0;47;0.5531914893617021
45248001.0;209;0.41148325358851673
45249750.0;20;0.7
45268983.0;51;0.49019607843137253
45270082.0;27;0.4444444444444444
45708797.0;21;0.9523809523809523
45768277.0;36;0.4722222222222222
45768561.0;29;0.7586206896551724
45796955.0;172;0.7093023255813954
45978298.0;370;0.27837837837837837
46315284.0;12;0.75
46389164.0;34;0.7058823529411765
46414991.0;110;0.8363636363636363
46521798.0;134;0.41044776119402987
46565507.0;128;0.734375
46580336.0;73;0.8904109589041096
46610502.0;87;0.5747126436781609
46681612.0;99;0.6161616161616161
47274603.0;88;0.8181818181818182
47274611.0;105;0.7047619047619048
47274620.0;127;0.8188976377952756
47274654.0;159;0.6289308176100629
47274689.0;147;0.9931972789115646
47274701.0;42;0.5952380952380952
47274719.0;128;0.7109375
47313129.0;36;0.9444444444444444
47353872.0;87;0.6896551724137931
47450827.0;28;0.75
47558407.0;192;0.4479166666666667
47558415.0;281;0.7615658362989324
47558458.0;105;0.42857142857142855
47558504.0;139;0.5683453237410072
47608960.0;48;0.6041666666666666
47611162.0;17;0.8823529411764706
47921838.0;78;0.5769230769230769
48033413.0;114;0.2631578947368421
48109355.0;244;0.29918032786885246
48134023.0;64;0.71875
48160989.0;291;0.47079037800687284
48161012.0;99;0.5959595959595959
48161101.0;65;0.5076923076923077
48161110.0;62;0.6774193548387096
48161161.0;108;0.75
48161179.0;493;0.5050709939148073
48161209.0;66;0.7121212121212122
48326437.0;151;0.8675496688741722
48342912.0;132;0.6212121212121212
48342939.0;70;1.0
48513423.0;21;0.9523809523809523
48513512.0;227;0.23348017621145375
48515027.0;19;0.8947368421052632
48729906.0;74;0.7567567567567568
48808865.0;22;0.9090909090909091
49232886.0;58;0.3793103448275862
49290274.0;33;0.7878787878787878
49314653.0;66;0.803030303030303
49314661.0;176;0.6534090909090909
49314670.0;76;0.6973684210526315
49314785.0;86;0.8255813953488372
49314891.0;57;0.6491228070175439
49314912.0;118;0.9745762711864406
49356062.0;253;0.5019762845849802
49366629.0;265;0.2490566037735849
49556088.0;2;1.0
49558421.0;39;0.8974358974358975
49562339.0;7;1.0
49625446.0;339;0.23008849557522124
49704397.0;10;0.4
49752391.0;25;0.68
49753771.0;139;0.5539568345323741
49753789.0;195;0.6410256410256411
49766929.0;255;0.6745098039215687
49767194.0;196;0.45408163265306123
49774301.0;312;0.8653846153846154
49774859.0;103;1.0
49775961.0;74;0.5945945945945946
49776541.0;32;0.75
49777149.0;84;0.5119047619047619
49778064.0;184;0.6413043478260869
49778099.0;210;0.5571428571428572
49778102.0;228;0.34210526315789475
49778111.0;35;0.7142857142857143
49778137.0;164;0.4878048780487805
49778145.0;333;0.4444444444444444
49778161.0;182;0.8241758241758241
49790820.0;42;0.7142857142857143
49797999.0;125;0.848
60058871.0;49;0.9591836734693877
60061812.0;252;0.43253968253968256
60061855.0;39;1.0
60061863.0;224;0.7276785714285714
60061880.0;68;0.8382352941176471
60064765.0;100;0.44
60064781.0;75;0.7866666666666666
60064790.0;80;0.6625
60065303.0;22;1.0
60074281.0;69;0.30434782608695654
60074302.0;40;0.425
60075104.0;34;0.6764705882352942
60075775.0;274;0.3102189781021898
60075856.0;3;1.0
60075902.0;45;0.7777777777777778
60075970.0;123;0.7235772357723578
60076046.0;118;0.5
60076062.0;34;0.7647058823529411
60076089.0;171;0.6608187134502924
60076101.0;162;0.36419753086419754
60076135.0;295;0.3898305084745763
60077590.0;174;0.8563218390804598
60084286.0;68;0.7205882352941176
60096136.0;74;0.6216216216216216
60103329.0;69;0.9565217391304348
60103337.0;111;0.5765765765765766
60103345.0;111;0.5585585585585585
60103361.0;91;0.9230769230769231
60103370.0;127;0.968503937007874
60115645.0;43;0.4883720930232558
60153237.0;165;0.6666666666666666
60153245.0;102;0.696078431372549
60153296.0;123;0.7886178861788617
60153393.0;68;0.7205882352941176
60154021.0;34;1.0
60162961.0;171;0.2573099415204678
60337320.0;81;0.9012345679012346
60370009.0;9;0.8888888888888888
60370505.0;135;0.7407407407407407
60371684.0;312;0.5705128205128205
60371731.0;146;0.6164383561643836
60371749.0;93;0.6344086021505376
60371757.0;134;0.6119402985074627
60436735.0;105;0.5904761904761905
60446218.0;101;0.21782178217821782
60446234.0;247;0.24696356275303644
60446846.0;40;0.925
60447109.0;52;0.6153846153846154
60449004.0;348;0.23275862068965517
60522321.0;7;0.2857142857142857
60552255.0;741;0.582995951417004
60555211.0;502;0.17330677290836655
60650443.0;141;0.7872340425531915
60650478.0;61;0.9836065573770492
60650486.0;41;0.9024390243902439
60650494.0;98;0.8877551020408163
60650770.0;46;1.0
60723785.0;108;0.5
60729937.0;208;0.6826923076923077
60784024.0;69;0.927536231884058
60784733.0;19;0.8947368421052632
60801743.0;21;1.0
60884690.0;98;0.6632653061224489
60884703.0;137;0.583941605839416
60884711.0;79;0.8860759493670886
60884720.0;110;0.9454545454545454
60884746.0;97;0.7216494845360825
60884762.0;85;0.6470588235294118
61222402.0;104;0.5769230769230769
61357235.0;91;0.6263736263736264
61357278.0;57;0.7894736842105263
61357294.0;73;0.9315068493150684
61384534.0;131;0.48854961832061067
61384992.0;283;0.22614840989399293
61385271.0;337;0.40059347181008903
61385298.0;175;0.2057142857142857
61385476.0;606;0.18811881188118812
61385581.0;33;0.6363636363636364
61385701.0;196;0.3520408163265306
61385891.0;120;0.7
61386022.0;314;0.5286624203821656
61386855.0;589;0.31239388794567063
61387002.0;39;0.6923076923076923
61387339.0;31;0.5161290322580645
61388068.0;319;0.329153605015674
61388246.0;294;0.38095238095238093
61388726.0;162;0.6604938271604939
61388866.0;238;0.5756302521008403
61664537.0;60;0.9666666666666667
61664545.0;108;0.6018518518518519
61664553.0;106;0.7830188679245284
61664651.0;161;0.7142857142857143
61664707.0;184;0.44021739130434784
61664715.0;139;0.5179856115107914
61924008.0;59;1.0
61924032.0;155;0.5741935483870968
61924041.0;159;0.5849056603773585
61924059.0;160;0.9125
61942839.0;168;0.24404761904761904
61988278.0;196;0.3622448979591837
62029754.0;114;0.5
62062883.0;29;0.7586206896551724
62157213.0;94;0.6808510638297872
62157264.0;212;0.7594339622641509
62157884.0;54;0.4444444444444444
62534408.0;23;1.0
62690035.0;172;0.5872093023255814
62690043.0;316;0.2689873417721519
62690060.0;311;0.4919614147909968
62690221.0;106;0.6320754716981132
62690272.0;218;0.38073394495412843
62690400.0;82;0.926829268292683
63109026.0;210;0.3904761904761905
63109662.0;311;0.18006430868167203
64353389.0;123;0.3983739837398374
102000638.0;390;0.8615384615384616
102000654.0;5;1.0
102000930.0;39;0.7435897435897436
102006881.0;151;0.5827814569536424
102006920.0;58;0.8448275862068966
102006954.0;74;1.0
102007926.0;145;0.5655172413793104
102007934.0;156;0.5384615384615384
102007942.0;82;0.8170731707317073
102007969.0;74;0.6351351351351351
102007993.0;110;0.42727272727272725
102018006.0;107;0.9345794392523364
102037680.0;94;0.9042553191489362
102047723.0;45;0.6222222222222222
102100675.0;87;0.6896551724137931
102101531.0;60;0.75
102104522.0;33;0.9696969696969697
102113424.0;5;1.0
102113556.0;11;0.7272727272727273
102113611.0;108;0.8703703703703703
102133743.0;83;0.8795180722891566
102133786.0;455;0.6835164835164835
102133883.0;31;0.6774193548387096
102142262.0;176;0.6363636363636364
102145571.0;126;0.8492063492063492
102145580.0;38;0.5263157894736842
102145598.0;131;0.6412213740458015
102145776.0;100;0.9
102160261.0;43;0.5813953488372093
102191557.0;129;0.4728682170542636
102191565.0;172;0.4127906976744186
102191573.0;91;0.3956043956043956
102244928.0;165;0.5818181818181818
102244936.0;90;0.8111111111111111
102244944.0;171;0.7426900584795322
102244952.0;166;0.5
102266239.0;85;0.6705882352941176
102266247.0;159;0.6855345911949685
102266255.0;80;0.5
102266271.0;105;0.9142857142857143
102319863.0;338;0.5295857988165681
102319928.0;31;1.0
102319936.0;51;0.6666666666666666
102319944.0;142;0.7323943661971831
102319995.0;233;0.8068669527896996
102403554.0;123;0.6910569105691057
102403562.0;46;0.9130434782608695
102454299.0;76;0.8026315789473685
102454302.0;50;1.0
102454311.0;119;0.42857142857142855
102454345.0;64;0.875
102519943.0;100;0.79
102519951.0;119;0.5126050420168067
102519978.0;64;0.859375
102519986.0;234;0.3717948717948718
102531021.0;16;0.9375
102531064.0;65;0.9846153846153847
102531081.0;34;0.8235294117647058
102531099.0;127;0.4015748031496063
102602417.0;41;0.9512195121951219
102638519.0;97;0.8865979381443299
102675511.0;71;1.0
102692165.0;99;0.6060606060606061
102692173.0;90;0.6666666666666666
102692181.0;202;0.5841584158415841
102692190.0;70;0.9285714285714286
102692220.0;110;0.8
102692254.0;83;0.8192771084337349
102692262.0;182;0.8241758241758241
102730148.0;149;0.7785234899328859
102789207.0;170;0.6294117647058823
102807647.0;109;0.6055045871559633
102807655.0;230;0.5695652173913044
102814350.0;139;0.7985611510791367
102856613.0;34;1.0
102867071.0;61;0.7049180327868853
102867097.0;192;0.703125
102867135.0;308;0.6201298701298701
102943486.0;71;0.647887323943662
102943494.0;114;0.6578947368421053
102943508.0;87;0.6666666666666666
102943516.0;126;0.6904761904761905
102943524.0;87;0.9770114942528736
102943541.0;83;1.0
102943559.0;219;0.8401826484018264
103019715.0;194;0.5463917525773195
103019731.0;86;0.627906976744186
103031529.0;20;1.0
103031642.0;80;0.6125
103031651.0;235;0.6978723404255319
107820013.0;61;0.8852459016393442
107820064.0;306;0.6601307189542484
107820102.0;166;0.7048192771084337
107820153.0;486;0.4012345679012346
107820218.0;88;0.5454545454545454
107820251.0;248;0.4153225806451613
107820340.0;129;0.7751937984496124
107820391.0;95;0.9789473684210527
107820439.0;95;0.631578947368421
107820447.0;87;0.8275862068965517
107820480.0;25;0.56
107820536.0;129;0.8527131782945736
107820544.0;88;0.9090909090909091
107820668.0;92;0.9130434782608695
107830019.0;38;0.8947368421052632
107830086.0;92;0.8260869565217391
107830281.0;115;0.808695652173913
107830299.0;151;0.9668874172185431
107830302.0;87;0.9655172413793104
107830345.0;135;0.8222222222222222
107830396.0;242;0.6074380165289256
107840294.0;112;0.8125
107840308.0;202;0.9603960396039604
107840359.0;59;0.8983050847457628
107850079.0;483;0.8757763975155279
107850214.0;140;0.7357142857142858
107850303.0;160;0.70625
107850389.0;23;0.9130434782608695
107850427.0;286;0.5979020979020979
107850451.0;169;0.8757396449704142
107850486.0;260;0.7769230769230769
107850532.0;190;0.631578947368421
107850541.0;113;0.9380530973451328
107850753.0;126;0.8412698412698413
107860601.0;68;0.75
107860678.0;155;0.7935483870967742
107860937.0;160;0.76875
107870312.0;35;0.9428571428571428
107870321.0;36;0.9166666666666666
107870347.0;196;0.7346938775510204
107870479.0;115;0.9391304347826087
107870568.0;55;0.7272727272727273
107870738.0;226;0.7168141592920354
107870746.0;130;0.8384615384615385
107870762.0;59;0.9830508474576272
107870789.0;363;0.8457300275482094
107870801.0;69;0.9855072463768116
107870878.0;163;0.7116564417177914
107870932.0;209;0.9425837320574163
107870941.0;147;0.9727891156462585
107870959.0;92;0.9456521739130435
107871173.0;134;0.9776119402985075
107880245.0;102;1.0
107880351.0;155;0.8129032258064516
107880369.0;215;0.7953488372093023
107880377.0;133;0.7894736842105263
107880610.0;57;0.9122807017543859
107880741.0;90;0.9333333333333333
107880792.0;110;0.8090909090909091
107880873.0;74;0.9594594594594594
107881004.0;110;0.9
108000877.0;16;0.8125
108001270.0;292;0.1541095890410959
108001288.0;152;0.2236842105263158
108001342.0;246;0.3008130081300813
108001369.0;49;0.5714285714285714
108001491.0;200;0.335
108001547.0;33;0.45454545454545453
108001571.0;166;0.5783132530120482
108002586.0;3;0.6666666666666666
108003841.0;136;0.5294117647058824
108003868.0;131;0.3893129770992366
108003981.0;48;0.6458333333333334
108004481.0;54;0.9259259259259259
108005623.0;69;0.5942028985507246
108005631.0;104;0.5576923076923077
108005640.0;54;1.0
108006891.0;257;0.7237354085603113
108006930.0;160;0.725
108006948.0;164;0.7987804878048781
108006972.0;369;0.8211382113821138
108007014.0;73;0.7123287671232876
108007049.0;36;1.0
108007057.0;46;0.7391304347826086
108007863.0;145;0.5517241379310345
108010015.0;57;0.40350877192982454
108010112.0;122;0.22131147540983606
108010228.0;97;0.23711340206185566
108010848.0;150;0.7533333333333333
108011020.0;117;0.8974358974358975
108011119.0;258;0.4728682170542636
108012654.0;106;0.6698113207547169
108013669.0;49;1.0
108014053.0;109;0.8348623853211009
108014193.0;185;0.6162162162162163
108015769.0;15;0.7333333333333333
108017109.0;12;0.75
108019578.0;52;0.6923076923076923
108020908.0;26;0.7692307692307693
108021041.0;95;0.6
108022161.0;44;1.0
108022463.0;144;0.3888888888888889
108022650.0;127;0.8740157480314961
108022676.0;33;0.7272727272727273
108022722.0;42;0.7380952380952381
108023079.0;86;0.8023255813953488
108023087.0;94;0.7340425531914894
108024148.0;95;0.5368421052631579
108026761.0;3;1.0
108027457.0;78;0.6923076923076923
108028135.0;71;0.5633802816901409
108028917.0;114;0.5789473684210527
108029174.0;50;0.62
108029310.0;156;0.28205128205128205
108029344.0;135;0.8888888888888888
108029395.0;3;0.6666666666666666
108029417.0;916;0.6069868995633187
108030091.0;78;0.9358974358974359
108030482.0;51;0.27450980392156865
108030598.0;104;0.46153846153846156
108030717.0;24;0.7083333333333334
108030733.0;131;0.9389312977099237
108030814.0;59;0.4745762711864407
108032019.0;21;0.9047619047619048
108032060.0;154;0.6038961038961039
108032876.0;29;0.6551724137931034
108035743.0;140;0.6071428571428571
108035905.0;24;1.0
108036421.0;183;0.6557377049180327
108040771.0;4;1.0
108040780.0;30;0.9666666666666667
108040895.0;179;0.7932960893854749
108040909.0;220;0.5818181818181818
108043690.0;48;0.8125
108043720.0;48;0.9375
108043738.0;48;0.8541666666666666
108046141.0;12;0.9166666666666666
108047695.0;170;0.9058823529411765
108047741.0;358;0.49441340782122906
108047750.0;137;0.7153284671532847
108047784.0;97;0.7525773195876289
108047792.0;447;0.7002237136465325
108047911.0;25;0.76
108047920.0;36;0.9722222222222222
108047938.0;59;0.847457627118644
108047946.0;48;0.5625
108047954.0;133;0.5939849624060151
108047989.0;328;0.6554878048780488
108051692.0;201;0.6666666666666666
108051749.0;14;1.0
108052028.0;72;0.5416666666666666
108052052.0;83;0.5783132530120482
108052940.0;58;0.43103448275862066
108052958.0;275;0.27636363636363637
108052974.0;182;0.7472527472527473
108052991.0;29;0.7586206896551724
108054021.0;256;0.8828125
108054063.0;40;0.975
108054071.0;181;0.6132596685082873
108054080.0;143;0.6433566433566433
108054098.0;95;0.5473684210526316
108054101.0;47;0.44680851063829785
108054110.0;94;0.7021276595744681
108054195.0;1;1.0
108055698.0;37;0.8378378378378378
108055710.0;39;0.6153846153846154
110000030.0;65;0.8
110000048.0;47;0.8936170212765957
110001621.0;47;0.8297872340425532
110001630.0;174;0.5287356321839081
110001648.0;96;0.59375
110001656.0;634;0.15141955835962145
110001664.0;7;0.42857142857142855
110001699.0;11;0.9090909090909091
110001885.0;510;0.48823529411764705
110001923.0;4;0.75
110002008.0;258;0.36046511627906974
110005007.0;8;1.0
110007671.0;76;0.2894736842105263
110007701.0;20;0.7
110007778.0;86;0.2441860465116279
110007786.0;119;0.4957983193277311
110007808.0;161;0.7763975155279503
110008952.0;14;1.0
110009487.0;69;0.6376811594202898
110009541.0;80;0.7125
110009550.0;232;0.5905172413793104
110009584.0;101;0.44554455445544555
110009614.0;62;0.6129032258064516
110009665.0;67;0.8507462686567164
110009681.0;120;0.625
110009711.0;78;0.8589743589743589
110009754.0;56;0.7321428571428571
110009762.0;36;0.8888888888888888
110009789.0;106;0.8113207547169812
110009819.0;93;0.8387096774193549
110009878.0;61;0.9344262295081968
110009967.0;54;0.7037037037037037
110009975.0;111;0.7027027027027027
110010019.0;187;0.8021390374331551
110010043.0;99;0.5959595959595959
110010086.0;178;0.39325842696629215
110010108.0;59;0.7627118644067796
110010116.0;82;0.7439024390243902
110010167.0;65;0.5846153846153846
110010175.0;47;1.0
110010205.0;73;0.6438356164383562
110010221.0;67;0.7014925373134329
110010256.0;76;0.881578947368421
110010264.0;218;0.7522935779816514
110010311.0;80;0.6125
110010353.0;69;0.7971014492753623
110010680.0;4;1.0
110011066.0;31;0.4838709677419355
110011295.0;70;0.4714285714285714
110011325.0;25;0.72
110011350.0;77;0.5844155844155844
110011473.0;6;0.6666666666666666
110011520.0;11;1.0
110011848.0;41;0.6341463414634146
110012127.0;28;0.75
110012151.0;102;0.6764705882352942
110012160.0;71;0.9436619718309859
110012186.0;82;0.8902439024390244
110012216.0;109;0.45871559633027525
110012259.0;20;1.0
110012267.0;26;0.9230769230769231
110012275.0;21;1.0
110012283.0;99;0.8282828282828283
110012291.0;74;0.7162162162162162
110012305.0;80;0.7875
110012356.0;145;0.4896551724137931
110012364.0;221;0.6515837104072398
110012437.0;70;0.6857142857142857
110012445.0;112;0.4375
110012453.0;92;0.2826086956521739
110012461.0;289;0.31833910034602075
110012488.0;30;0.7333333333333333
110012542.0;39;0.9230769230769231
110012569.0;30;0.8333333333333334
110012879.0;72;0.5694444444444444
110012895.0;10;1.0
110013204.0;50;0.86
110013387.0;20;0.95
110013450.0;45;0.8
110013514.0;3;1.0
110013573.0;2;1.0
110013638.0;5;1.0
110014898.0;66;0.9242424242424242
110015037.0;90;0.8888888888888888
110015061.0;101;0.6237623762376238
110015070.0;75;0.7333333333333333
110017501.0;65;1.0
110017650.0;7;1.0
110017854.0;139;0.7050359712230215
110017919.0;44;0.9545454545454546
110018044.0;46;0.717391304347826
110018061.0;57;0.8245614035087719
110018095.0;129;0.4263565891472868
110020405.0;71;0.5352112676056338
110020553.0;60;1.0
110020634.0;9;0.8888888888888888
110020707.0;55;0.9636363636363636
110021461.0;45;0.6
110021479.0;58;0.6206896551724138
110022084.0;8;1.0
110022289.0;177;0.711864406779661
110022769.0;1;1.0
110022866.0;7;1.0
110022971.0;34;0.7058823529411765
110023111.0;8;1.0
110023145.0;5;1.0
110023234.0;20;0.95
110023498.0;54;0.8888888888888888
110023668.0;52;0.6538461538461539
110023676.0;48;0.9583333333333334
110023765.0;4;1.0
110023901.0;11;0.7272727272727273
110023927.0;7;1.0
110025148.0;55;1.0
110025172.0;143;0.9300699300699301
110025202.0;197;0.8020304568527918
110025334.0;12;1.0
110025474.0;55;0.8181818181818182
110025580.0;81;0.7407407407407407
110025725.0;64;0.5625
110025741.0;17;0.35294117647058826
110025831.0;15;0.6666666666666666
110025857.0;97;0.7938144329896907
110025873.0;99;0.8181818181818182
110026012.0;535;0.411214953271028
110026179.0;139;0.7841726618705036
110026420.0;13;0.9230769230769231
110027027.0;68;0.9117647058823529
110027230.0;28;1.0
110027752.0;20;1.0
110027795.0;127;0.9448818897637795
110028201.0;52;0.9230769230769231
110028538.0;5;1.0
110028554.0;87;0.7241379310344828
110028881.0;226;0.8097345132743363
110029470.0;103;0.8737864077669902
110030478.0;358;0.3687150837988827
110030494.0;261;0.5134099616858238
110030559.0;72;0.6944444444444444
110030591.0;311;0.42443729903536975
110030672.0;220;0.42727272727272725
110030729.0;109;0.6788990825688074
110030745.0;143;0.5174825174825175
110030818.0;209;0.5454545454545454
110030893.0;392;0.43112244897959184
110030923.0;129;0.751937984496124
110030966.0;335;0.6149253731343284
110030982.0;245;0.42448979591836733
110031008.0;271;0.3985239852398524
110031067.0;462;0.341991341991342
110031105.0;76;0.9473684210526315
110031229.0;277;0.6462093862815884
110031261.0;97;0.7938144329896907
110031300.0;75;0.72
110031334.0;44;0.9090909090909091
110032110.0;223;0.7713004484304933
110032233.0;169;0.5088757396449705
110032608.0;29;0.7931034482758621
110032641.0;116;0.75
110032829.0;38;0.9210526315789473
110033795.0;51;0.9803921568627451
110033809.0;8;1.0
110034147.0;128;0.875
110034538.0;51;0.7843137254901961
110034635.0;76;0.8947368421052632
110034741.0;27;0.25925925925925924
110034791.0;7;1.0
110035381.0;76;0.6973684210526315
110035798.0;83;0.7228915662650602
110036026.0;8;1.0
110036166.0;2;1.0
110036204.0;280;0.32857142857142857
110036514.0;103;0.7184466019417476
110036611.0;152;0.875
110036778.0;252;0.7182539682539683
110036816.0;175;0.6457142857142857
110036859.0;68;1.0
110036891.0;100;0.94
110037529.0;206;0.49029126213592233
110037545.0;55;0.8363636363636363
110037791.0;237;0.5232067510548524
110100204.0;300;0.72
110100549.0;512;0.591796875
110100590.0;472;0.8411016949152542
110100662.0;403;0.6873449131513648
110100689.0;2;1.0
110100859.0;50;0.7
110100867.0;75;0.9066666666666666
110150031.0;460;0.7369565217391304
110150058.0;240;0.5541666666666667
110150309.0;225;0.5288888888888889
110150414.0;190;0.9631578947368421
110150511.0;8;1.0
110200039.0;170;0.8235294117647058
110200403.0;204;0.6323529411764706
110250141.0;110;0.8909090909090909
110250249.0;207;0.7101449275362319
110250460.0;277;0.8664259927797834
110250541.0;154;0.987012987012987
110250591.0;404;0.6881188118811881
110250842.0;32;1.0
110250907.0;8;1.0
110251059.0;53;0.9811320754716981
110300025.0;35;0.7428571428571429
110300572.0;138;0.6594202898550725
110300602.0;69;0.9130434782608695
110300696.0;5;1.0
110300777.0;14;0.7142857142857143
110300823.0;17;0.9411764705882353
110350413.0;5;1.0
110351070.0;44;0.6590909090909091
110380126.0;35;0.7428571428571429
110380193.0;52;0.38461538461538464
110380223.0;19;0.631578947368421
110380339.0;86;0.5930232558139535
110400666.0;100;0.87
110450311.0;51;0.7843137254901961
110450469.0;25;0.68
110450639.0;137;0.6204379562043796
110450680.0;55;0.9636363636363636
110450931.0;181;0.5193370165745856
110451015.0;42;0.8333333333333334
110451066.0;238;0.5210084033613446
110451228.0;39;0.3333333333333333
110451279.0;42;0.7380952380952381
110500032.0;68;0.9117647058823529
110500148.0;179;0.6815642458100558
110500164.0;68;0.8088235294117647
110500326.0;79;0.9240506329113924
110500644.0;1;1.0
110500709.0;12;1.0
110500784.0;11;1.0
110550064.0;1;1.0
116000635.0;10;1.0
130000167.0;14;0.8571428571428571
130000183.0;91;0.9120879120879121
130001180.0;150;0.76
130001236.0;224;0.8705357142857143
130001333.0;407;0.5307125307125307
130001341.0;245;0.8571428571428571
130001376.0;215;0.5581395348837209
130001422.0;188;0.8776595744680851
130001457.0;79;0.9493670886075949
130001473.0;100;0.93
130001538.0;96;0.8541666666666666
130001546.0;203;0.7241379310344828
130001597.0;176;0.9602272727272727
130001601.0;203;0.6699507389162561
130001678.0;264;0.6893939393939394
130001694.0;94;0.8297872340425532
130001732.0;167;0.8682634730538922
130001767.0;172;0.9941860465116279
130001902.0;228;0.37280701754385964
130002046.0;287;0.6794425087108014
130002054.0;339;0.8820058997050148
130002089.0;255;0.8470588235294118
130002097.0;105;0.7904761904761904
130002135.0;197;0.6548223350253807
130002160.0;150;0.6866666666666666
130002186.0;197;0.751269035532995
130002216.0;62;0.9838709677419355
130002241.0;180;0.7944444444444444
130002330.0;95;0.9789473684210527
130002372.0;31;1.0
130002381.0;650;0.48615384615384616
130002437.0;226;0.5973451327433629
130002445.0;344;0.6715116279069767
130002542.0;106;0.8207547169811321
150002785.0;9;1.0
150003595.0;98;0.4489795918367347
150003978.0;91;0.5164835164835165
150004451.0;139;0.5827338129496403
150004516.0;37;0.8378378378378378
150004648.0;17;0.8235294117647058
150004842.0;70;1.0
150008023.0;57;0.8070175438596491
150009810.0;57;0.8596491228070176
150024975.0;36;0.75
150027265.0;200;0.585
150033923.0;6;1.0
150045395.0;6;1.0
150065591.0;3;1.0
150067241.0;101;0.6237623762376238
150067364.0;4;1.0
150067861.0;156;0.7051282051282052
150068123.0;2;1.0
150068654.0;84;0.75
150068964.0;68;0.4852941176470588
150069031.0;162;0.8395061728395061
150069685.0;11;1.0
150069880.0;4;1.0
150071329.0;6;1.0
150076339.0;3;1.0
150076363.0;86;0.6627906976744186
150076738.0;51;0.7843137254901961
150076983.0;12;1.0
150077009.0;19;0.5789473684210527
150077084.0;2;1.0
150077971.0;5;1.0
150078137.0;51;0.6078431372549019
150078153.0;43;0.9534883720930233
150078340.0;12;0.9166666666666666
151011494.0;18;0.7777777777777778
151012997.0;269;0.6691449814126395
151014507.0;210;0.6619047619047619
151014655.0;66;0.5454545454545454
151015643.0;3;1.0
151016003.0;104;0.8269230769230769
151016887.0;51;1.0
151017697.0;1;1.0
151017891.0;63;0.746031746031746
151025886.0;25;0.92
151027218.0;8;1.0
151028931.0;39;0.6153846153846154
151029440.0;21;0.8571428571428571
151032688.0;6;1.0
151035504.0;9;0.6666666666666666
151035709.0;6;0.8333333333333334
151035768.0;63;0.746031746031746
151035806.0;32;0.84375
151036268.0;126;0.5873015873015873
151036985.0;74;0.6216216216216216
151037388.0;5;1.0
151037639.0;4;0.75
151038546.0;107;0.5233644859813084
151039437.0;13;1.0
151040389.0;15;0.4666666666666667
151040753.0;28;0.8928571428571429
181000890.0;9;0.6666666666666666
181002604.0;5;0.8
181002931.0;72;0.2222222222222222
181006383.0;43;0.7906976744186046
181007282.0;147;0.47619047619047616
181007304.0;2;1.0
181008521.0;3;0.3333333333333333
181013410.0;9;0.6666666666666666
181015692.0;41;0.9512195121951219
181015706.0;2;1.0
181016117.0;3;1.0
181016672.0;4;1.0
181017067.0;7;1.0
181023687.0;3;1.0
181023725.0;10;1.0
181023903.0;110;0.2636363636363636
181024829.0;609;0.3251231527093596
181024845.0;10;1.0
181024888.0;15;0.9333333333333333
181025001.0;4;1.0
181025230.0;10;1.0
181025906.0;24;0.9583333333333334
181027291.0;230;0.6695652173913044
181027810.0;107;0.6074766355140186
181031574.0;4;1.0
181033496.0;141;0.8936170212765957
181033577.0;210;0.9238095238095239
181033666.0;65;0.5384615384615384
181034131.0;41;0.8536585365853658
181035618.0;54;0.7407407407407407
181035898.0;4;1.0
181036606.0;25;0.84
181038897.0;1;1.0
181042771.0;2;1.0
181044684.0;80;0.5
181045231.0;10;0.9
181047519.0;27;0.8518518518518519
181048841.0;300;0.6433333333333333
181055058.0;3;1.0
181055660.0;32;0.5625
181057522.0;10;1.0
181059568.0;42;0.8809523809523809
181059711.0;7;1.0
181064197.0;2;1.0
181064341.0;1;1.0
181068729.0;4;1.0
181069288.0;1;1.0
181073501.0;2;1.0
181073978.0;2;1.0
181075849.0;51;0.7058823529411765
181077639.0;7;1.0
181077728.0;3;1.0
181078988.0;29;0.6551724137931034
181079607.0;8;0.875
181079704.0;6;1.0
181080109.0;6;0.5
181080168.0;1;1.0
181080541.0;15;0.5333333333333333
181084694.0;20;0.75
181086093.0;65;0.5076923076923077
181086263.0;111;0.6216216216216216
181087154.0;1;1.0
181087464.0;1;1.0
181087511.0;1;1.0
181088231.0;19;0.6842105263157895
181089114.0;2;1.0
181095726.0;5;0.8
181095912.0;54;0.9629629629629629
181095971.0;2;1.0
181096633.0;11;0.8181818181818182
181096790.0;20;0.8
181096803.0;57;0.7894736842105263
181096994.0;4;1.0
181100291.0;4;0.75
181105527.0;27;0.7037037037037037
181106451.0;17;0.7058823529411765
181113601.0;13;0.46153846153846156
181118831.0;23;0.6956521739130435
181118891.0;38;0.8157894736842105
181119021.0;20;0.85
181119331.0;12;0.9166666666666666
181119463.0;88;0.5113636363636364
181119641.0;1;0.0
181120925.0;3;1.0
181121379.0;20;0.85
181121662.0;24;0.75
181122111.0;13;1.0
181122227.0;6;1.0
181127024.0;5;0.8
181127369.0;27;0.8518518518518519
181127504.0;2;1.0
181128021.0;1;1.0
181128047.0;17;0.9411764705882353
181128331.0;16;0.875
181132362.0;5;0.8
181134098.0;8;0.75
181134799.0;11;0.9090909090909091
181134802.0;19;0.8947368421052632
181136953.0;46;0.8043478260869565
181138701.0;14;0.7142857142857143
181141906.0;8;1.0
181141931.0;35;0.6285714285714286
181141957.0;7;1.0
181141965.0;5;1.0
181141973.0;6;0.5
181141990.0;16;1.0
200000055.0;350;0.32857142857142857
200000063.0;88;0.3181818181818182
200001027.0;456;0.3355263157894737
250000016.0;455;0.3978021978021978
